Gene,"Involved codons",,,,
ABL1,,"Pan-Cancer Panel DiaCarta","Pan-Cancer Panel Agilent","Illumina cancer hotspot","Illumina comprehensive cancer panel"
ABL2,,,,,"Illumina comprehensive cancer panel"
ACVR2A,,,,,"Illumina comprehensive cancer panel"
ADAMTS20,,,,,"Illumina comprehensive cancer panel"
AFF1,,,,,"Illumina comprehensive cancer panel"
AFF3,,,,,"Illumina comprehensive cancer panel"
AKAP9,,,,,"Illumina comprehensive cancer panel"
AKT1,,"Pan-Cancer Panel DiaCarta","Pan-Cancer Panel Agilent","Illumina cancer hotspot","Illumina comprehensive cancer panel"
AKT2,,,,,"Illumina comprehensive cancer panel"
AKT3,,,,,"Illumina comprehensive cancer panel"
ALK,,"Pan-Cancer Panel DiaCarta","Pan-Cancer Panel Agilent","Illumina cancer hotspot","Illumina comprehensive cancer panel"
APC,,"Pan-Cancer Panel DiaCarta",,"Illumina cancer hotspot","Illumina comprehensive cancer panel"
AR,,,"Pan-Cancer Panel Agilent",,"Illumina comprehensive cancer panel"
ARAF,,,,,"Illumina comprehensive cancer panel"
ARID1A,,,,,"Illumina comprehensive cancer panel"
ARID2,,,,,"Illumina comprehensive cancer panel"
ARNT,,,,,"Illumina comprehensive cancer panel"
ASXL1,,,,,"Illumina comprehensive cancer panel"
ATF1,,,,,"Illumina comprehensive cancer panel"
ATM,,"Pan-Cancer Panel DiaCarta","Pan-Cancer Panel Agilent","Illumina cancer hotspot","Illumina comprehensive cancer panel"
ATR,,,,,"Illumina comprehensive cancer panel"
ATRX,,,,,"Illumina comprehensive cancer panel"
AURKA,,,,,"Illumina comprehensive cancer panel"
AURKB,,,,,"Illumina comprehensive cancer panel"
AURKC,,,,,"Illumina comprehensive cancer panel"
AXL,,,,,"Illumina comprehensive cancer panel"
BAI3,,,,,"Illumina comprehensive cancer panel"
BAP1,,,,,"Illumina comprehensive cancer panel"
BCL10,,,,,"Illumina comprehensive cancer panel"
BCL11A,,,,,"Illumina comprehensive cancer panel"
BCL11B,,,,,"Illumina comprehensive cancer panel"
BCL2,,,,,"Illumina comprehensive cancer panel"
BCL2L1,,,,,"Illumina comprehensive cancer panel"
BCL2L2,,,,,"Illumina comprehensive cancer panel"
BCL3,,,,,"Illumina comprehensive cancer panel"
BCL6,,,,,"Illumina comprehensive cancer panel"
BCL9,,,,,"Illumina comprehensive cancer panel"
BCR,,,,,"Illumina comprehensive cancer panel"
BIRC2,,,,,"Illumina comprehensive cancer panel"
BIRC3,,,,,"Illumina comprehensive cancer panel"
BIRC5,,,,,"Illumina comprehensive cancer panel"
BLM,,,,,"Illumina comprehensive cancer panel"
BLNK,,,,,"Illumina comprehensive cancer panel"
BMPR1A,,,,,"Illumina comprehensive cancer panel"
BRAF,"600 (DiaCarta)","Pan-Cancer Panel DiaCarta","Pan-Cancer Panel Agilent","Illumina cancer hotspot","Illumina comprehensive cancer panel"
BRCA1,,"Pan-Cancer Panel DiaCarta",,,
BRCA2,,"Pan-Cancer Panel DiaCarta",,,
BRD3,,,,,"Illumina comprehensive cancer panel"
BRIP1,,,,,"Illumina comprehensive cancer panel"
BTK,,,,,"Illumina comprehensive cancer panel"
BUB1B,,,,,"Illumina comprehensive cancer panel"
"C-kit ","816 (DiaCarta)",,,,
CARD11,,,,,"Illumina comprehensive cancer panel"
CASC5,,,,,"Illumina comprehensive cancer panel"
CBL,,,,,"Illumina comprehensive cancer panel"
CCND1,,,,,"Illumina comprehensive cancer panel"
CCND2,,,,,"Illumina comprehensive cancer panel"
CCND3,,,,,"Illumina comprehensive cancer panel"
CCNE1,,,,,"Illumina comprehensive cancer panel"
CD79A,,,,,"Illumina comprehensive cancer panel"
CD79B,,,,,"Illumina comprehensive cancer panel"
CDC73,,,,,"Illumina comprehensive cancer panel"
CDH1,,"Pan-Cancer Panel DiaCarta",,"Illumina cancer hotspot","Illumina comprehensive cancer panel"
CDH11,,,,,"Illumina comprehensive cancer panel"
CDH2,,,,,"Illumina comprehensive cancer panel"
CDH20,,,,,"Illumina comprehensive cancer panel"
CDH5,,,,,"Illumina comprehensive cancer panel"
CDK12,,,,,"Illumina comprehensive cancer panel"
CDK2,,,,,"Illumina comprehensive cancer panel"
CDK4,,,,,"Illumina comprehensive cancer panel"
CDK6,,,,,"Illumina comprehensive cancer panel"
CDK8,,,,,"Illumina comprehensive cancer panel"
CDKN1B,,,,,"Illumina comprehensive cancer panel"
CDKN2A,,"Pan-Cancer Panel DiaCarta","Pan-Cancer Panel Agilent","Illumina cancer hotspot","Illumina comprehensive cancer panel"
CDKN2B,,,,,"Illumina comprehensive cancer panel"
CDKN2C,,,,,"Illumina comprehensive cancer panel"
CEBPA,,,,,"Illumina comprehensive cancer panel"
CFTR,,,,"Cystic Fibrosis",
CHEK1,,,,,"Illumina comprehensive cancer panel"
CHEK2,,,,,"Illumina comprehensive cancer panel"
CIC,,,,,"Illumina comprehensive cancer panel"
CKS1B,,,,,"Illumina comprehensive cancer panel"
CMPK1,,,,,"Illumina comprehensive cancer panel"
COL1A1,,,,,"Illumina comprehensive cancer panel"
CRBN,,,,,"Illumina comprehensive cancer panel"
CREB1,,,,,"Illumina comprehensive cancer panel"
CREBBP,,,,,"Illumina comprehensive cancer panel"
CRKL,,,,,"Illumina comprehensive cancer panel"
CRTC1,,,,,"Illumina comprehensive cancer panel"
CSF1R,,"Pan-Cancer Panel DiaCarta","Pan-Cancer Panel Agilent","Illumina cancer hotspot","Illumina comprehensive cancer panel"
CSMD3,,,,,"Illumina comprehensive cancer panel"
CTNNA1,,,,,"Illumina comprehensive cancer panel"
CTNNB1,,"Pan-Cancer Panel DiaCarta","Pan-Cancer Panel Agilent","Illumina cancer hotspot","Illumina comprehensive cancer panel"
CYLD,,,,,"Illumina comprehensive cancer panel"
CYP2C19,,,,,"Illumina comprehensive cancer panel"
CYP2D6,,,,,"Illumina comprehensive cancer panel"
DAXX,,,,,"Illumina comprehensive cancer panel"
DCC,,,,,"Illumina comprehensive cancer panel"
DDB2,,,,,"Illumina comprehensive cancer panel"
DDIT3,,,,,"Illumina comprehensive cancer panel"
DDR2,,"Pan-Cancer Panel DiaCarta",,,"Illumina comprehensive cancer panel"
DEK,,,,,"Illumina comprehensive cancer panel"
DICER1,,,,,"Illumina comprehensive cancer panel"
DNMT3A,,"Pan-Cancer Panel DiaCarta",,,"Illumina comprehensive cancer panel"
DPYD,,,,,"Illumina comprehensive cancer panel"
DST,,,,,"Illumina comprehensive cancer panel"
EGFR,"719, ex19Del, 790, 858, 861 (DiaCarta)","Pan-Cancer Panel DiaCarta","Pan-Cancer Panel Agilent","Illumina cancer hotspot","Illumina comprehensive cancer panel"
EML4,,,,,"Illumina comprehensive cancer panel"
EP300,,,,,"Illumina comprehensive cancer panel"
EP400,,,,,"Illumina comprehensive cancer panel"
EPHA3,,,,,"Illumina comprehensive cancer panel"
EPHA7,,,,,"Illumina comprehensive cancer panel"
EPHB1,,,,,"Illumina comprehensive cancer panel"
EPHB4,,,,,"Illumina comprehensive cancer panel"
EPHB6,,,,,"Illumina comprehensive cancer panel"
ERBB2,,"Pan-Cancer Panel DiaCarta","Pan-Cancer Panel Agilent","Illumina cancer hotspot","Illumina comprehensive cancer panel"
ERBB3,,"Pan-Cancer Panel DiaCarta",,,"Illumina comprehensive cancer panel"
ERBB4,,"Pan-Cancer Panel DiaCarta","Pan-Cancer Panel Agilent","Illumina cancer hotspot","Illumina comprehensive cancer panel"
ERCC1,,,,,"Illumina comprehensive cancer panel"
ERCC2,,,,,"Illumina comprehensive cancer panel"
ERCC3,,,,,"Illumina comprehensive cancer panel"
ERCC4,,,,,"Illumina comprehensive cancer panel"
ERCC5,,,,,"Illumina comprehensive cancer panel"
ERG,,,,,"Illumina comprehensive cancer panel"
ESR1,,,,,"Illumina comprehensive cancer panel"
ETS1,,,,,"Illumina comprehensive cancer panel"
ETV1,,,,,"Illumina comprehensive cancer panel"
ETV4,,,,,"Illumina comprehensive cancer panel"
ETV5,,,,,"Illumina comprehensive cancer panel"
EXT1,,,,,"Illumina comprehensive cancer panel"
EXT2,,,,,"Illumina comprehensive cancer panel"
EZH2,,"Pan-Cancer Panel DiaCarta",,"Illumina cancer hotspot","Illumina comprehensive cancer panel"
FAM123B,,,,,"Illumina comprehensive cancer panel"
FANCA,,,"Pan-Cancer Panel Agilent",,"Illumina comprehensive cancer panel"
FANCC,,,"Pan-Cancer Panel Agilent",,"Illumina comprehensive cancer panel"
FANCD2,,,,,"Illumina comprehensive cancer panel"
FANCF,,,"Pan-Cancer Panel Agilent",,"Illumina comprehensive cancer panel"
FANCG,,,"Pan-Cancer Panel Agilent",,"Illumina comprehensive cancer panel"
FANCI,,,,,"Illumina comprehensive cancer panel"
FAS,,,,,"Illumina comprehensive cancer panel"
FBXW7,,"Pan-Cancer Panel DiaCarta",,"Illumina cancer hotspot","Illumina comprehensive cancer panel"
FGF19,,,,,"Illumina comprehensive cancer panel"
FGF3,,,,,"Illumina comprehensive cancer panel"
FGFR1,,"Pan-Cancer Panel DiaCarta","Pan-Cancer Panel Agilent","Illumina cancer hotspot","Illumina comprehensive cancer panel"
FGFR2,,"Pan-Cancer Panel DiaCarta","Pan-Cancer Panel Agilent","Illumina cancer hotspot","Illumina comprehensive cancer panel"
FGFR3,,"Pan-Cancer Panel DiaCarta","Pan-Cancer Panel Agilent","Illumina cancer hotspot","Illumina comprehensive cancer panel"
FGFR4,,,,,"Illumina comprehensive cancer panel"
FGR,,,,,"Illumina comprehensive cancer panel"
FH,,,,,"Illumina comprehensive cancer panel"
FLCN,,,,,"Illumina comprehensive cancer panel"
FLI1,,,,,"Illumina comprehensive cancer panel"
FLT1,,,,,"Illumina comprehensive cancer panel"
FLT3,,"Pan-Cancer Panel DiaCarta","Pan-Cancer Panel Agilent","Illumina cancer hotspot","Illumina comprehensive cancer panel"
FLT4,,,,,"Illumina comprehensive cancer panel"
FN1,,,,,"Illumina comprehensive cancer panel"
FOXL2,,"Pan-Cancer Panel DiaCarta",,,"Illumina comprehensive cancer panel"
FOXO1,,,,,"Illumina comprehensive cancer panel"
FOXO3,,,,,"Illumina comprehensive cancer panel"
FOXP1,,,,,"Illumina comprehensive cancer panel"
FOXP4,,,,,"Illumina comprehensive cancer panel"
FZR1,,,,,"Illumina comprehensive cancer panel"
G6PD,,,,,"Illumina comprehensive cancer panel"
GATA1,,,,,"Illumina comprehensive cancer panel"
GATA2,,,,,"Illumina comprehensive cancer panel"
GATA3,,,,,"Illumina comprehensive cancer panel"
GDNF,,,,,"Illumina comprehensive cancer panel"
GNA11,,"Pan-Cancer Panel DiaCarta",,"Illumina cancer hotspot","Illumina comprehensive cancer panel"
GNAQ,,"Pan-Cancer Panel DiaCarta",,"Illumina cancer hotspot","Illumina comprehensive cancer panel"
GNAS,,"Pan-Cancer Panel DiaCarta",,"Illumina cancer hotspot","Illumina comprehensive cancer panel"
GPR124,,,,,"Illumina comprehensive cancer panel"
GRM8,,,,,"Illumina comprehensive cancer panel"
GUCY1A2,,,,,"Illumina comprehensive cancer panel"
H3F3A,,,,,"Illumina comprehensive cancer panel"
HCAR1,,,,,"Illumina comprehensive cancer panel"
HIF1A,,,,,"Illumina comprehensive cancer panel"
HIST1H3B,,,,,"Illumina comprehensive cancer panel"
HLF,,,,,"Illumina comprehensive cancer panel"
HNF1A,,"Pan-Cancer Panel DiaCarta",,"Illumina cancer hotspot","Illumina comprehensive cancer panel"
HOOK3,,,,,"Illumina comprehensive cancer panel"
HRAS,,"Pan-Cancer Panel DiaCarta","Pan-Cancer Panel Agilent","Illumina cancer hotspot","Illumina comprehensive cancer panel"
HSP90AA1,,,,,"Illumina comprehensive cancer panel"
HSP90AB1,,,,,"Illumina comprehensive cancer panel"
ICK,,,,,"Illumina comprehensive cancer panel"
IDH1,,"Pan-Cancer Panel DiaCarta","Pan-Cancer Panel Agilent","Illumina cancer hotspot","Illumina comprehensive cancer panel"
IDH2,,"Pan-Cancer Panel DiaCarta","Pan-Cancer Panel Agilent","Illumina cancer hotspot","Illumina comprehensive cancer panel"
IGF1R,,,,,"Illumina comprehensive cancer panel"
IGF2,,,,,"Illumina comprehensive cancer panel"
IGF2R,,,,,"Illumina comprehensive cancer panel"
IKBKB,,,,,"Illumina comprehensive cancer panel"
IKBKE,,,,,"Illumina comprehensive cancer panel"
IKZF1,,,,,"Illumina comprehensive cancer panel"
IL2,,,,,"Illumina comprehensive cancer panel"
IL21R,,,,,"Illumina comprehensive cancer panel"
IL6ST,,,,,"Illumina comprehensive cancer panel"
IL7R,,,,,"Illumina comprehensive cancer panel"
ING4,,,,,"Illumina comprehensive cancer panel"
IRF4,,,,,"Illumina comprehensive cancer panel"
IRS2,,,,,"Illumina comprehensive cancer panel"
ITGA10,,,,,"Illumina comprehensive cancer panel"
ITGA9,,,,,"Illumina comprehensive cancer panel"
ITGB2,,,,,"Illumina comprehensive cancer panel"
ITGB3,,,,,"Illumina comprehensive cancer panel"
JAK1,,,,,"Illumina comprehensive cancer panel"
JAK2,,"Pan-Cancer Panel DiaCarta","Pan-Cancer Panel Agilent","Illumina cancer hotspot","Illumina comprehensive cancer panel"
JAK3,,"Pan-Cancer Panel DiaCarta","Pan-Cancer Panel Agilent","Illumina cancer hotspot","Illumina comprehensive cancer panel"
JUN,,,,,"Illumina comprehensive cancer panel"
KAT6A,,,,,"Illumina comprehensive cancer panel"
KAT6B,,,,,"Illumina comprehensive cancer panel"
KDM5C,,,,,"Illumina comprehensive cancer panel"
KDM6A,,,,,"Illumina comprehensive cancer panel"
KDR,,"Pan-Cancer Panel DiaCarta",,"Illumina cancer hotspot","Illumina comprehensive cancer panel"
KEAP1,,,,,"Illumina comprehensive cancer panel"
KIT,,"Pan-Cancer Panel DiaCarta","Pan-Cancer Panel Agilent","Illumina cancer hotspot","Illumina comprehensive cancer panel"
KLF6,,,,,"Illumina comprehensive cancer panel"
KNSTRN,,,,,"Illumina comprehensive cancer panel"
KRAS,"12, 13, 59, 61, 117, 146 (DiaCarta)","Pan-Cancer Panel DiaCarta","Pan-Cancer Panel Agilent","Illumina cancer hotspot","Illumina comprehensive cancer panel"
LAMP1,,,,,"Illumina comprehensive cancer panel"
LCK,,,,,"Illumina comprehensive cancer panel"
LIFR,,,,,"Illumina comprehensive cancer panel"
LPHN3,,,,,"Illumina comprehensive cancer panel"
LPP,,,,,"Illumina comprehensive cancer panel"
LRP1B,,,,,"Illumina comprehensive cancer panel"
LTF,,,,,"Illumina comprehensive cancer panel"
LTK,,,,,"Illumina comprehensive cancer panel"
MAF,,,,,"Illumina comprehensive cancer panel"
MAFB,,,,,"Illumina comprehensive cancer panel"
MAGEA1,,,,,"Illumina comprehensive cancer panel"
MAGI1,,,,,"Illumina comprehensive cancer panel"
MAGOH,,,,,"Illumina comprehensive cancer panel"
MALT1,,,,,"Illumina comprehensive cancer panel"
MAML2,,,,,"Illumina comprehensive cancer panel"
MAP2K1,,"Pan-Cancer Panel DiaCarta","Pan-Cancer Panel Agilent",,"Illumina comprehensive cancer panel"
MAP2K2,,,"Pan-Cancer Panel Agilent",,"Illumina comprehensive cancer panel"
MAP2K4,,,"Pan-Cancer Panel Agilent",,"Illumina comprehensive cancer panel"
MAP3K7,,,,,"Illumina comprehensive cancer panel"
MAPK1,,,,,"Illumina comprehensive cancer panel"
MAPK8,,,,,"Illumina comprehensive cancer panel"
MARK1,,,,,"Illumina comprehensive cancer panel"
MARK4,,,,,"Illumina comprehensive cancer panel"
MAX,,,,,"Illumina comprehensive cancer panel"
MBD1,,,,,"Illumina comprehensive cancer panel"
MCL1,,,,,"Illumina comprehensive cancer panel"
MDM2,,,,,"Illumina comprehensive cancer panel"
MDM4,,,,,"Illumina comprehensive cancer panel"
MED12,,,,,"Illumina comprehensive cancer panel"
MEN1,,,,,"Illumina comprehensive cancer panel"
MET,,"Pan-Cancer Panel DiaCarta","Pan-Cancer Panel Agilent","Illumina cancer hotspot","Illumina comprehensive cancer panel"
MITF,,,,,"Illumina comprehensive cancer panel"
MLH1,,"Pan-Cancer Panel DiaCarta",,"Illumina cancer hotspot","Illumina comprehensive cancer panel"
MLL,,,,,"Illumina comprehensive cancer panel"
MLL2,,,,,"Illumina comprehensive cancer panel"
MLL3,,,,,"Illumina comprehensive cancer panel"
MLLT10,,,,,"Illumina comprehensive cancer panel"
MMP2,,,,,"Illumina comprehensive cancer panel"
MN1,,,,,"Illumina comprehensive cancer panel"
MPL,,"Pan-Cancer Panel DiaCarta",,"Illumina cancer hotspot","Illumina comprehensive cancer panel"
MRE11A,,,,,"Illumina comprehensive cancer panel"
MSH2,,,,,"Illumina comprehensive cancer panel"
MSH6,,"Pan-Cancer Panel DiaCarta",,,"Illumina comprehensive cancer panel"
MTOR,,"Pan-Cancer Panel DiaCarta",,,"Illumina comprehensive cancer panel"
MTR,,,,,"Illumina comprehensive cancer panel"
MTRR,,,,,"Illumina comprehensive cancer panel"
MUC1,,,,,"Illumina comprehensive cancer panel"
MUTYH,,,,,"Illumina comprehensive cancer panel"
MYB,,,,,"Illumina comprehensive cancer panel"
MYBL1,,,,,"Illumina comprehensive cancer panel"
MYC,,,,,"Illumina comprehensive cancer panel"
MYCL1,,,,,"Illumina comprehensive cancer panel"
MYCN,,,,,"Illumina comprehensive cancer panel"
MYD88,,,,,"Illumina comprehensive cancer panel"
MYH11,,,,,"Illumina comprehensive cancer panel"
MYH9,,,,,"Illumina comprehensive cancer panel"
NBN,,,,,"Illumina comprehensive cancer panel"
NCOA1,,,,,"Illumina comprehensive cancer panel"
NCOA2,,,,,"Illumina comprehensive cancer panel"
NCOA4,,,,,"Illumina comprehensive cancer panel"
NF1,,"Pan-Cancer Panel DiaCarta",,,"Illumina comprehensive cancer panel"
NF2,,"Pan-Cancer Panel DiaCarta",,,"Illumina comprehensive cancer panel"
NFE2L2,,,,,"Illumina comprehensive cancer panel"
NFKB1,,,,,"Illumina comprehensive cancer panel"
NFKB2,,,,,"Illumina comprehensive cancer panel"
NIN,,,,,"Illumina comprehensive cancer panel"
NKX2-1,,,,,"Illumina comprehensive cancer panel"
NLRP1,,,,,"Illumina comprehensive cancer panel"
NOTCH1,,"Pan-Cancer Panel DiaCarta","Pan-Cancer Panel Agilent","Illumina cancer hotspot","Illumina comprehensive cancer panel"
NOTCH2,,,,,"Illumina comprehensive cancer panel"
NOTCH3,,,,,"Illumina comprehensive cancer panel"
NOTCH4,,,,,"Illumina comprehensive cancer panel"
NPM1,,"Pan-Cancer Panel DiaCarta","Pan-Cancer Panel Agilent","Illumina cancer hotspot","Illumina comprehensive cancer panel"
NRAS,"12, 13, 59, 61, 117, 146 (DiaCarta)","Pan-Cancer Panel DiaCarta","Pan-Cancer Panel Agilent","Illumina cancer hotspot","Illumina comprehensive cancer panel"
NRG1,,,,,"Illumina comprehensive cancer panel"
NSD1,,,,,"Illumina comprehensive cancer panel"
NTRK1,,,,,"Illumina comprehensive cancer panel"
NTRK2,,,,,"Illumina comprehensive cancer panel"
NTRK3,,,,,"Illumina comprehensive cancer panel"
NUMA1,,,,,"Illumina comprehensive cancer panel"
NUP214,,,,,"Illumina comprehensive cancer panel"
NUP98,,,,,"Illumina comprehensive cancer panel"
PAK3,,,,,"Illumina comprehensive cancer panel"
PALB2,,,,,"Illumina comprehensive cancer panel"
NUTM1,,,,,"Illumina comprehensive cancer panel"
PALB2,,,,,"Illumina comprehensive cancer panel"
PARP1,,,,,"Illumina comprehensive cancer panel"
PAX3,,,,,"Illumina comprehensive cancer panel"
PAX5,,,,,"Illumina comprehensive cancer panel"
PAX7,,,,,"Illumina comprehensive cancer panel"
PAX8,,,,,"Illumina comprehensive cancer panel"
PBRM1,,,,,"Illumina comprehensive cancer panel"
PBX1,,,,,"Illumina comprehensive cancer panel"
PDE4DIP,,,,,"Illumina comprehensive cancer panel"
PDGFB,,,,,"Illumina comprehensive cancer panel"
PDGFRA,,"Pan-Cancer Panel DiaCarta","Pan-Cancer Panel Agilent","Illumina cancer hotspot","Illumina comprehensive cancer panel"
PDGFRB,,,,,"Illumina comprehensive cancer panel"
PER1,,,,,"Illumina comprehensive cancer panel"
PGAP3,,,,,"Illumina comprehensive cancer panel"
PHOX2B,,,,,"Illumina comprehensive cancer panel"
PIK3C2B,,,,,"Illumina comprehensive cancer panel"
PIK3CA,"542, 545, 1047 (DiaCarta)","Pan-Cancer Panel DiaCarta","Pan-Cancer Panel Agilent","Illumina cancer hotspot","Illumina comprehensive cancer panel"
PIK3CB,,,,,"Illumina comprehensive cancer panel"
PIK3CD,,,,,"Illumina comprehensive cancer panel"
PIK3CG,,,,,"Illumina comprehensive cancer panel"
PIK3R1,,"Pan-Cancer Panel DiaCarta","Pan-Cancer Panel Agilent",,"Illumina comprehensive cancer panel"
PIK3R2,,,,,"Illumina comprehensive cancer panel"
PIM1,,,,,"Illumina comprehensive cancer panel"
PKHD1,,,,,"Illumina comprehensive cancer panel"
PLAG1,,,,,"Illumina comprehensive cancer panel"
PLCG1,,,,,"Illumina comprehensive cancer panel"
PLEKHG5,,,,,"Illumina comprehensive cancer panel"
PML,,,,,"Illumina comprehensive cancer panel"
PMS1,,,,,"Illumina comprehensive cancer panel"
PMS2,,,,,"Illumina comprehensive cancer panel"
POLE,,,,,"Illumina comprehensive cancer panel"
POT1,,,,,"Illumina comprehensive cancer panel"
POU5F1,,,,,"Illumina comprehensive cancer panel"
PPARG,,,,,"Illumina comprehensive cancer panel"
PPP2R1A,,,,,"Illumina comprehensive cancer panel"
PRDM1,,,,,"Illumina comprehensive cancer panel"
PRKACA,,,,,"Illumina comprehensive cancer panel"
PRKACB,,,,,"Illumina comprehensive cancer panel"
PRKAR1A,,,,,"Illumina comprehensive cancer panel"
PRKDC,,,,,"Illumina comprehensive cancer panel"
PSIP1,,,,,"Illumina comprehensive cancer panel"
PTCH1,,"Pan-Cancer Panel DiaCarta",,,"Illumina comprehensive cancer panel"
PTEN,,"Pan-Cancer Panel DiaCarta","Pan-Cancer Panel Agilent","Illumina cancer hotspot","Illumina comprehensive cancer panel"
PTGS2,,,,,"Illumina comprehensive cancer panel"
PTPN11,,"Pan-Cancer Panel DiaCarta",,"Illumina cancer hotspot","Illumina comprehensive cancer panel"
PTPRD,,,,,"Illumina comprehensive cancer panel"
PTPRT,,,,,"Illumina comprehensive cancer panel"
RAC1,,,,,"Illumina comprehensive cancer panel"
RAD50,,,,,"Illumina comprehensive cancer panel"
RAD51,,,,,"Illumina comprehensive cancer panel"
RAD51B,,,,,"Illumina comprehensive cancer panel"
RAD51C,,,,,"Illumina comprehensive cancer panel"
RAD51D,,,,,"Illumina comprehensive cancer panel"
RAF1,,,,,"Illumina comprehensive cancer panel"
RALGDS,,,,,"Illumina comprehensive cancer panel"
RARA,,,,,"Illumina comprehensive cancer panel"
RB1,,"Pan-Cancer Panel DiaCarta",,"Illumina cancer hotspot","Illumina comprehensive cancer panel"
RECQL4,,,,,"Illumina comprehensive cancer panel"
REL,,,,,"Illumina comprehensive cancer panel"
RELA,,,,,"Illumina comprehensive cancer panel"
RET,,"Pan-Cancer Panel DiaCarta","Pan-Cancer Panel Agilent","Illumina cancer hotspot","Illumina comprehensive cancer panel"
RHEB,,,,,"Illumina comprehensive cancer panel"
RHOH,,,,,"Illumina comprehensive cancer panel"
RICTOR,,,,,"Illumina comprehensive cancer panel"
RNASEL,,,,,"Illumina comprehensive cancer panel"
RNF2,,,,,"Illumina comprehensive cancer panel"
RNF213,,,,,"Illumina comprehensive cancer panel"
RNF43,,,,,"Illumina comprehensive cancer panel"
ROS1,,,,,"Illumina comprehensive cancer panel"
RPS6KA2,,,,,"Illumina comprehensive cancer panel"
RRM1,,,,,"Illumina comprehensive cancer panel"
RSPO2,,,,,"Illumina comprehensive cancer panel"
RSPO3,,,,,"Illumina comprehensive cancer panel"
RUNX1,,,"Pan-Cancer Panel Agilent",,"Illumina comprehensive cancer panel"
RUNX1T1,,,,,"Illumina comprehensive cancer panel"
SAMD9,,,,,"Illumina comprehensive cancer panel"
SBDS,,,,,"Illumina comprehensive cancer panel"
SDHA,,,,,"Illumina comprehensive cancer panel"
SDHB,,,,,"Illumina comprehensive cancer panel"
SDHC,,,,,"Illumina comprehensive cancer panel"
SDHD,,,,,"Illumina comprehensive cancer panel"
SEPT9,,,,,"Illumina comprehensive cancer panel"
SETD2,,,,,"Illumina comprehensive cancer panel"
SF3B1,,,,,"Illumina comprehensive cancer panel"
SGK1,,,,,"Illumina comprehensive cancer panel"
SH2D1A,,,,,"Illumina comprehensive cancer panel"
SLX4,,,,,"Illumina comprehensive cancer panel"
SMAD2,,,,,"Illumina comprehensive cancer panel"
SMAD4,,"Pan-Cancer Panel DiaCarta","Pan-Cancer Panel Agilent","Illumina cancer hotspot","Illumina comprehensive cancer panel"
SMARCA4,,,,,"Illumina comprehensive cancer panel"
SMARCB1,,"Pan-Cancer Panel DiaCarta",,"Illumina cancer hotspot","Illumina comprehensive cancer panel"
SMO,,"Pan-Cancer Panel DiaCarta","Pan-Cancer Panel Agilent","Illumina cancer hotspot","Illumina comprehensive cancer panel"
SMUG1,,,,,"Illumina comprehensive cancer panel"
SOCS1,,,,,"Illumina comprehensive cancer panel"
SOX11,,,,,"Illumina comprehensive cancer panel"
SOX2,,,,,"Illumina comprehensive cancer panel"
SPOP,,,,,"Illumina comprehensive cancer panel"
SRC,,"Pan-Cancer Panel DiaCarta","Pan-Cancer Panel Agilent","Illumina cancer hotspot","Illumina comprehensive cancer panel"
SSX1,,,,,"Illumina comprehensive cancer panel"
STAT3,,,,,"Illumina comprehensive cancer panel"
STK11,,"Pan-Cancer Panel DiaCarta","Pan-Cancer Panel Agilent","Illumina cancer hotspot","Illumina comprehensive cancer panel"
STK36,,,,,"Illumina comprehensive cancer panel"
SUFU,,,,,"Illumina comprehensive cancer panel"
SYK,,,,,"Illumina comprehensive cancer panel"
SYNE1,,,,,"Illumina comprehensive cancer panel"
TAF1,,,,,"Illumina comprehensive cancer panel"
TAF1L,,,,,"Illumina comprehensive cancer panel"
TAL1,,,,,"Illumina comprehensive cancer panel"
TBX22,,,,,"Illumina comprehensive cancer panel"
TCF12,,,,,"Illumina comprehensive cancer panel"
TCF3,,,,,"Illumina comprehensive cancer panel"
TCF7L1,,,,,"Illumina comprehensive cancer panel"
TCF7L2,,,,,"Illumina comprehensive cancer panel"
TCL1A,,,,,"Illumina comprehensive cancer panel"
TERT,,"Pan-Cancer Panel DiaCarta",,,
TET1,,,,,"Illumina comprehensive cancer panel"
TET2,,,,,"Illumina comprehensive cancer panel"
TFE3,,,,,"Illumina comprehensive cancer panel"
TGFBR2,,,,,"Illumina comprehensive cancer panel"
TGM7,,,,,"Illumina comprehensive cancer panel"
THBS1,,,,,"Illumina comprehensive cancer panel"
TIMP3,,,,,"Illumina comprehensive cancer panel"
TLR4,,,,,"Illumina comprehensive cancer panel"
TLX1,,,,,"Illumina comprehensive cancer panel"
TNFAIP3,,,,,"Illumina comprehensive cancer panel"
TNFRSF14,,,,,"Illumina comprehensive cancer panel"
TNK2,,,,,"Illumina comprehensive cancer panel"
TOP1,,,,,"Illumina comprehensive cancer panel"
TP53,,"Pan-Cancer Panel DiaCarta","Pan-Cancer Panel Agilent","Illumina cancer hotspot","Illumina comprehensive cancer panel"
TPR,,,,,"Illumina comprehensive cancer panel"
TRIM24,,,,,"Illumina comprehensive cancer panel"
TRIM33,,,,,"Illumina comprehensive cancer panel"
TRIP11,,,,,"Illumina comprehensive cancer panel"
TRRAP,,,,,"Illumina comprehensive cancer panel"
TSC1,,"Pan-Cancer Panel DiaCarta",,,"Illumina comprehensive cancer panel"
TSC2,,,,,"Illumina comprehensive cancer panel"
TSHR,,,,,"Illumina comprehensive cancer panel"
U2AF1,,,,,"Illumina comprehensive cancer panel"
UBR5,,,,,"Illumina comprehensive cancer panel"
UGT1A1,,,,,"Illumina comprehensive cancer panel"
USP9X,,,,,"Illumina comprehensive cancer panel"
VHL,,"Pan-Cancer Panel DiaCarta","Pan-Cancer Panel Agilent","Illumina cancer hotspot","Illumina comprehensive cancer panel"
WAS,,,,,"Illumina comprehensive cancer panel"
WHSC1,,,,,"Illumina comprehensive cancer panel"
WRN,,,,,"Illumina comprehensive cancer panel"
WT1,,,"Pan-Cancer Panel Agilent",,"Illumina comprehensive cancer panel"
XPA,,,,,"Illumina comprehensive cancer panel"
XPC,,,,,"Illumina comprehensive cancer panel"
XPO1,,,,,"Illumina comprehensive cancer panel"
XRCC2,,,,,"Illumina comprehensive cancer panel"
ZNF384,,,,,"Illumina comprehensive cancer panel"
ZNF521,,,,,"Illumina comprehensive cancer panel"
